<?xml version="1.0" encoding="utf-8"?>
<merger version="3"><dataSet config="main" ignore_pattern="!.svn:!.git:!.ds_store:!*.scc:.*:&lt;dir>_*:!CVS:!thumbs.db:!picasa.ini:!*~"><source path="D:\jdk\Project\xhzt\app\libs"><file name="forms-7.0.4.jar" path="D:\jdk\Project\xhzt\app\libs\forms-7.0.4.jar"/><file name="io-7.0.4.jar" path="D:\jdk\Project\xhzt\app\libs\io-7.0.4.jar"/><file name="iTextpdf.jar" path="D:\jdk\Project\xhzt\app\libs\iTextpdf.jar"/><file name="kernel-7.0.4.jar" path="D:\jdk\Project\xhzt\app\libs\kernel-7.0.4.jar"/><file name="layout-7.0.4.jar" path="D:\jdk\Project\xhzt\app\libs\layout-7.0.4.jar"/><file name="pdfa-7.0.4.jar" path="D:\jdk\Project\xhzt\app\libs\pdfa-7.0.4.jar"/><file name="pdftest-7.0.4.jar" path="D:\jdk\Project\xhzt\app\libs\pdftest-7.0.4.jar"/></source></dataSet><dataSet config="debug" ignore_pattern="!.svn:!.git:!.ds_store:!*.scc:.*:&lt;dir>_*:!CVS:!thumbs.db:!picasa.ini:!*~"><source path="D:\jdk\Project\xhzt\app\src\debug\jniLibs"/></dataSet></merger>