<?xml version="1.0" encoding="utf-8"?>
<merger version="3"><dataSet aapt-namespace="http://schemas.android.com/apk/res-auto" config="androidTest$Generated" generated="true" ignore_pattern="!.svn:!.git:!.ds_store:!*.scc:.*:&lt;dir>_*:!CVS:!thumbs.db:!picasa.ini:!*~"><source path="/Users/ty/Desktop/小猴做题/app/src/androidTest/res"/><source path="/Users/ty/Desktop/小猴做题/app/build/generated/res/rs/androidTest/debug"/><source path="/Users/ty/Desktop/小猴做题/app/build/generated/res/resValues/androidTest/debug"/></dataSet><dataSet aapt-namespace="http://schemas.android.com/apk/res-auto" config="androidTest" generated-set="androidTest$Generated" ignore_pattern="!.svn:!.git:!.ds_store:!*.scc:.*:&lt;dir>_*:!CVS:!thumbs.db:!picasa.ini:!*~"><source path="/Users/ty/Desktop/小猴做题/app/src/androidTest/res"/><source path="/Users/ty/Desktop/小猴做题/app/build/generated/res/rs/androidTest/debug"/><source path="/Users/ty/Desktop/小猴做题/app/build/generated/res/resValues/androidTest/debug"/></dataSet><dataSet aapt-namespace="http://schemas.android.com/apk/res-auto" config="androidTestDebug$Generated" generated="true" ignore_pattern="!.svn:!.git:!.ds_store:!*.scc:.*:&lt;dir>_*:!CVS:!thumbs.db:!picasa.ini:!*~"><source path="/Users/ty/Desktop/小猴做题/app/src/androidTestDebug/res"/></dataSet><dataSet aapt-namespace="http://schemas.android.com/apk/res-auto" config="androidTestDebug" generated-set="androidTestDebug$Generated" ignore_pattern="!.svn:!.git:!.ds_store:!*.scc:.*:&lt;dir>_*:!CVS:!thumbs.db:!picasa.ini:!*~"><source path="/Users/ty/Desktop/小猴做题/app/src/androidTestDebug/res"/></dataSet><mergedItems/></merger>